uniprot_id;sequence
O15244;MPTTVDDVLEHGGEFHFFQKQMFFLLALLSATFAPIYVGIVFLGFTPDHRCRSPGVAELSLRCGWSPAEELNYTVPGPGPAGEASPRQCRRYEVDWNQSTFDCVDPLASLDTNRSRLPLGPCRDGWVYETPGSSIVTEFNLVCANSWMLDLFQSSVNVGFFIGSMSIGYIADRFGRKLCLLTTVLINAAAGVLMAISPTYTWMLIFRLIQGLVSKAGWLIGYILITEFVGRRYRRTVGIFYQVAYTVGLLVLAGVAYALPHWRWLQFTVSLPNFFFLLYYWCIPESPRWLISQNKNAEAMRIIKHIAKKNGKSLPASLQRLRLEEETGKKLNPSFLDLVRTPQIRKHTMILMYNWFTSSVLYQGLIMHMGLAGDNIYLDFFYSALVEFPAAFMIILTIDRIGRRYPWAASNMVAGAACLASVFIPGDLQWLKIIISCLGRMGITMAYEIVCLVNAELYPTFIRNLGVHICSSMCDIGGIITPFLVYRLTNIWLELPLMVFGVLGLVAGGLVLLLPETKGKALPETIEEAENMQRPRKNKEKMIYLQVQKLDIPLN
O15245;MPTVDDILEQVGESGWFQKQAFLILCLLSAAFAPICVGIVFLGFTPDHHCQSPGVAELSQRCGWSPAEELNYTVPGLGPAGEAFLGQCRRYEVDWNQSALSCVDPLASLATNRSHLPLGPCQDGWVYDTPGSSIVTEFNLVCADSWKLDLFQSCLNAGFLFGSLGVGYFADRFGRKLCLLGTVLVNAVSGVLMAFSPNYMSMLLFRLLQGLVSKGNWMAGYTLITEFVGSGSRRTVAIMYQMAFTVGLVALTGLAYALPHWRWLQLAVSLPTFLFLLYYWCVPESPRWLLSQKRNTEAIKIMDHIAQKNGKLPPADLKMLSLEEDVTEKLSPSFADLFRTPRLRKRTFILMYLWFTDSVLYQGLILHMGATSGNLYLDFLYSALVEIPGAFIALITIDRVGRIYPMAMSNLLAGAACLVMIFISPDLHWLNIIIMCVGRMGITIAIQMICLVNAELYPTFVRNLGVMVCSSLCDIGGIITPFIVFRLREVWQALPLILFAVLGLLAAGVTLLLPETKGVALPETMKDAENLGRKAKPKENTIYLKVQTSEPSGT
O15438;MDALCGSGELGSKFWDSNLSVHTENPDLTPCFQNSLLAWVPCIYLWVALPCYLLYLRHHCRGYIILSHLSKLKMVLGVLLWCVSWADLFYSFHGLVHGRAPAPVFFVTPLVVGVTMLLATLLIQYERLQGVQSSGVLIIFWFLCVVCAIVPFRSKILLAKAEGEISDPFRFTTFYIHFALVLSALILACFREKPPFFSAKNVDPNPYPETSAGFLSRLFFWWFTKMAIYGYRHPLEEKDLWSLKEEDRSQMVVQQLLEAWRKQEKQTARHKASAAPGKNASGEDEVLLGARPRPRKPSFLKALLATFGSSFLISACFKLIQDLLSFINPQLLSILIRFISNPMAPSWWGFLVAGLMFLCSMMQSLILQHYYHYIFVTGVKFRTGIMGVIYRKALVITNSVKRASTVGEIVNLMSVDAQRFMDLAPFLNLLWSAPLQIILAIYFLWQNLGPSVLAGVAFMVLLIPLNGAVAVKMRAFQVKQMKLKDSRIKLMSEILNGIKVLKLYAWEPSFLKQVEGIRQGELQLLRTAAYLHTTTTFTWMCSPFLVTLITLWVYVYVDPNNVLDAEKAFVSVSLFNILRLPLNMLPQLISNLTQASVSLKRIQQFLSQEELDPQSVERKTISPGYAITIHSGTFTWAQDLPPTLHSLDIQVPKGALVAVVGPVGCGKSSLVSALLGEMEKLEGKVHMKGSVAYVPQQAWIQNCTLQENVLFGKALNPKRYQQTLEACALLADLEMLPGGDQTEIGEKGINLSGGQRQRVSLARAVYSDADIFLLDDPLSAVDSHVAKHIFDHVIGPEGVLAGKTRVLVTHGISFLPQTDFIIVLADGQVSEMGPYPALLQRNGSFANFLCNYAPDEDQGHLEDSWTALEGAEDKEALLIEDTLSNHTDLTDNDPVTYVVQKQFMRQLSALSSDGEGQGRPVPRRHLGPSEKVQVTEAKADGALTQEEKAAIGTVELSVFWDYAKAVGLCTTLAICLLYVGQSAAAIGANVWLSAWTNDAMADSRQNNTSLRLGVYAALGILQGFLVMLAAMAMAAGGIQAARVLHQALLHNKIRSPQSFFDTTPSGRILNCFSKDIYVVDEVLAPVILMLLNSFFNAISTLVVIMASTPLFTVVILPLAVLYTLVQRFYAATSRQLKRLESVSRSPIYSHFSETVTGASVIRAYNRSRDFEIISDTKVDANQRSCYPYIISNRWLSIGVEFVGNCVVLFAALFAVIGRSSLNPGLVGLSVSYSLQVTFALNWMIRMMSDLESNIVAVERVKEYSKTETEAPWVVEGSRPPEGWPPRGEVEFRNYSVRYRPGLDLVLRDLSLHVHGGEKVGIVGRTGAGKSSMTLCLFRILEAAKGEIRIDGLNVADIGLHDLRSQLTIIPQDPILFSGTLRMNLDPFGSYSEEDIWWALELSHLHTFVSSQPAGLDFQCSEGGENLSVGQRQLVCLARALLRKSRILVLDEATAAIDLETDNLIQATIRTQFDTCTVLTIAHRLNTIMDYTRVLVLDKGVVAEFDSPANLIAARGIFYGMARDAGLA
O15439;MLPVYQEVKPNPLQDANLCSRVFFWWLNPLFKIGHKRRLEEDDMYSVLPEDRSQHLGEELQGFWDKEVLRAENDAQKPSLTRAIIKCYWKSYLVLGIFTLIEESAKVIQPIFLGKIINYFENYDPMDSVALNTAYAYATVLTFCTLILAILHHLYFYHVQCAGMRLRVAMCHMIYRKALRLSNMAMGKTTTGQIVNLLSNDVNKFDQVTVFLHFLWAGPLQAIAVTALLWMEIGISCLAGMAVLIILLPLQSCFGKLFSSLRSKTATFTDARIRTMNEVITGIRIIKMYAWEKSFSNLITNLRKKEISKILRSSCLRGMNLASFFSASKIIVFVTFTTYVLLGSVITASRVFVAVTLYGAVRLTVTLFFPSAIERVSEAIVSIRRIQTFLLLDEISQRNRQLPSDGKKMVHVQDFTAFWDKASETPTLQGLSFTVRPGELLAVVGPVGAGKSSLLSAVLGELAPSHGLVSVHGRIAYVSQQPWVFSGTLRSNILFGKKYEKERYEKVIKACALKKDLQLLEDGDLTVIGDRGTTLSGGQKARVNLARAVYQDADIYLLDDPLSAVDAEVSRHLFELCICQILHEKITILVTHQLQYLKAASQILILKDGKMVQKGTYTEFLKSGIDFGSLLKKDNEESEQPPVPGTPTLRNRTFSESSVWSQQSSRPSLKDGALESQDTENVPVTLSEENRSEGKVGFQAYKNYFRAGAHWIVFIFLILLNTAAQVAYVLQDWWLSYWANKQSMLNVTVNGGGNVTEKLDLNWYLGIYSGLTVATVLFGIARSLLVFYVLVNSSQTLHNKMFESILKAPVLFFDRNPIGRILNRFSKDIGHLDDLLPLTFLDFIQTLLQVVGVVSVAVAVIPWIAIPLVPLGIIFIFLRRYFLETSRDVKRLESTTRSPVFSHLSSSLQGLWTIRAYKAEERCQELFDAHQDLHSEAWFLFLTTSRWFAVRLDAICAMFVIIVAFGSLILAKTLDAGQVGLALSYALTLMGMFQWCVRQSAEVENMMISVERVIEYTDLEKEAPWEYQKRPPPAWPHEGVIIFDNVNFMYSPGGPLVLKHLTALIKSQEKVGIVGRTGAGKSSLISALFRLSEPEGKIWIDKILTTEIGLHDLRKKMSIIPQEPVLFTGTMRKNLDPFNEHTDEELWNALQEVQLKETIEDLPGKMDTELAESGSNFSVGQRQLVCLARAILRKNQILIIDEATANVDPRTDELIQKKIREKFAHCTVLTIAHRLNTIIDSDKIMVLDSGRLKEYDEPYVLLQNKESLFYKMVQQLGKAEAAALTETAKQVYFKRNYPHIGHTDHMVTNTSNGQPSTLTIFETAL
O95342;MSDSVILRSIKKFGEENDGFESDKSYNNDKKSRLQDEKKGDGVRVGFFQLFRFSSSTDIWLMFVGSLCAFLHGIAQPGVLLIFGTMTDVFIDYDVELQELQIPGKACVNNTIVWTNSSLNQNMTNGTRCGLLNIESEMIKFASYYAGIAVAVLITGYIQICFWVIAAARQIQKMRKFYFRRIMRMEIGWFDCNSVGELNTRFSDDINKINDAIADQMALFIQRMTSTICGFLLGFFRGWKLTLVIISVSPLIGIGAATIGLSVSKFTDYELKAYAKAGVVADEVISSMRTVAAFGGEKREVERYEKNLVFAQRWGIRKGIVMGFFTGFVWCLIFLCYALAFWYGSTLVLDEGEYTPGTLVQIFLSVIVGALNLGNASPCLEAFATGRAAATSIFETIDRKPIIDCMSEDGYKLDRIKGEIEFHNVTFHYPSRPEVKILNDLNMVIKPGEMTALVGPSGAGKSTALQLIQRFYDPCEGMVTVDGHDIRSLNIQWLRDQIGIVEQEPVLFSTTIAENIRYGREDATMEDIVQAAKEANAYNFIMDLPQQFDTLVGEGGGQMSGGQKQRVAIARALIRNPKILLLDMATSALDNESEAMVQEVLSKIQHGHTIISVAHRLSTVRAADTIIGFEHGTAVERGTHEELLERKGVYFTLVTLQSQGNQALNEEDIKDATEDDMLARTFSRGSYQDSLRASIRQRSKSQLSYLVHEPPLAVVDHKSTYEEDRKDKDIPVQEEVEPAPVRRILKFSAPEWPYMLVGSVGAAVNGTVTPLYAFLFSQILGTFSIPDKEEQRSQINGVCLLFVAMGCVSLFTQFLQGYAFAKSGELLTKRLRKFGFRAMLGQDIAWFDDLRNSPGALTTRLATDASQVQGAAGSQIGMIVNSFTNVTVAMIIAFSFSWKLSLVILCFFPFLALSGATQTRMLTGFASRDKQALEMVGQITNEALSNIRTVAGIGKERRFIEALETELEKPFKTAIQKANIYGFCFAFAQCIMFIANSASYRYGGYLISNEGLHFSYVFRVISAVVLSATALGRAFSYTPSYAKAKISAARFFQLLDRQPPISVYNTAGEKWDNFQGKIDFVDCKFTYPSRPDSQVLNGLSVSISPGQTLAFVGSSGCGKSTSIQLLERFYDPDQGKVMIDGHDSKKVNVQFLRSNIGIVSQEPVLFACSIMDNIKYGDNTKEIPMERVIAAAKQAQLHDFVMSLPEKYETNVGSQGSQLSRGEKQRIAIARAIVRDPKILLLDEATSALDTESEKTVQVALDKAREGRTCIVIAHRLSTIQNADIIAVMAQGVVIEKGTHEELMAQKGAYYKLVTTGSPIS
P35372;MDSSAAPTNASNCTDALAYSSCSPAPSPGSWVNLSHLDGNLSDPCGPNRTDLGGRDSLCPPTGSPSMITAITIMALYSIVCVVGLFGNFLVMYVIVRYTKMKTATNIYIFNLALADALATSTLPFQSVNYLMGTWPFGTILCKIVISIDYYNMFTSIFTLCTMSVDRYIAVCHPVKALDFRTPRNAKIINVCNWILSSAIGLPVMFMATTKYRQGSIDCTLTFSHPTWYWENLLKICVFIFAFIMPVLIITVCYGLMILRLKSVRMLSGSKEKDRNLRRITRMVLVVVAVFIVCWTPIHIYVIIKALVTIPETTFQTVSWHFCIALGYTNSCLNPVLYAFLDENFKRCFREFCIPTSSNIEQQNSTRIRQNTRDHPSTANTVDRTNHQLENLEAETAPLP
P41143;MEPAPSAGAELQPPLFANASDAYPSACPSAGANASGPPGARSASSLALAIAITALYSAVCAVGLLGNVLVMFGIVRYTKMKTATNIYIFNLALADALATSTLPFQSAKYLMETWPFGELLCKAVLSIDYYNMFTSIFTLTMMSVDRYIAVCHPVKALDFRTPAKAKLINICIWVLASGVGVPIMVMAVTRPRDGAVVCMLQFPSPSWYWDTVTKICVFLFAFVVPILIITVCYGLMLLRLRSVRLLSGSKEKDRSLRRITRMVLVVVGAFVVCWAPIHIFVIVWTLVDIDRRDPLVVAALHLCIALGYANSSLNPVLYAFLDENFKRCFRQLCRKPCGRPDPSSFSRAREATARERVTACTPSDGPGGGAAA
P41145;MDSPIQIFRGEPGPTCAPSACLPPNSSAWFPGWAEPDSNGSAGSEDAQLEPAHISPAIPVIITAVYSVVFVVGLVGNSLVMFVIIRYTKMKTATNIYIFNLALADALVTTTMPFQSTVYLMNSWPFGDVLCKIVISIDYYNMFTSIFTLTMMSVDRYIAVCHPVKALDFRTPLKAKIINICIWLLSSSVGISAIVLGGTKVREDVDVIECSLQFPDDDYSWWDLFMKICVFIFAFVIPVLIIIVCYTLMILRLKSVRLLSGSREKDRNLRRITRLVLVVVAVFVVCWTPIHIFILVEALGSTSHSTAALSSYYFCIALGYTNSSLNPILYAFLDENFKRCFRDFCFPLKMRMERQSTSRVRNTVQDPAYLRDIDGMNKPV
P41146;MEPLFPAPFWEVIYGSHLQGNLSLLSPNHSLLPPHLLLNASHGAFLPLGLKVTIVGLYLAVCVGGLLGNCLVMYVILRHTKMKTATNIYIFNLALADTLVLLTLPFQGTDILLGFWPFGNALCKTVIAIDYYNMFTSTFTLTAMSVDRYVAICHPIRALDVRTSSKAQAVNVAIWALASVVGVPVAIMGSAQVEDEEIECLVEIPTPQDYWGPVFAICIFLFSFIVPVLVISVCYSLMIRRLRGVRLLSGSREKDRNLRRITRLVLVVVAVFVGCWTPVQVFVLAQGLGVQPSSETAVAILRFCTALGYVNSCLNPILYAFLDENFKACFRKFCCASALRRDVQVSDRVRSIAKDVALACKTSETVPRPA
